1,education,2025-7-11 17:21:33,46d0208c-7303-4e04-90da-1a084f59134c
2,sports,2025-7-11 17:21:33,8ffa9f2d-a592-4daa-a9ad-a6f974adb0ac
3,health,2025-7-11 17:21:33,68ee2554-4d44-44e5-8930-9b361166ef0c
4,tech,2025-7-11 17:21:33,a8f42f61-66d2-43fb-a889-39b888b1dc5e
5,travel,2025-7-11 17:21:33,f096695b-fd89-43c8-b265-7a3e423bd2ff
6,health,2025-7-11 17:21:33,8baa2904-0e95-42ad-9f41-e4aeabd6c491
7,entertainment,2025-7-11 17:21:33,98c171de-7bb9-4474-9657-575bfb01e723
8,food,2025-7-11 17:21:33,969d756d-c529-480e-82bd-67fd87d32c10
9,entertainment,2025-7-11 17:21:33,4382eaa4-b512-4d7d-b8b0-18615f7a432c
10,health,2025-7-11 17:21:33,dc10d7f9-96e1-4eec-a9a5-8d6433a5c326
